v2026.10.01	2026-10-01T05:29:01Z	true	3
v2026.09.28	2026-09-30T07:09:51Z	true	0
v2026.09.27	2026-09-28T18:08:33Z	true	2
v2026.09.26	2026-09-28T13:08:30Z	true	0
v2026.09.25	2026-09-27T16:05:11Z	true	1
v2026.09.24	2026-09-27T14:26:22Z	true	0
v2026.09.23	2026-09-26T13:02:04Z	true	2
v2026.09.22	2026-09-23T09:11:23Z	true	2
v2026.09.17	2026-09-20T08:08:26Z	false	31
v2026.09.21	2026-09-20T20:37:08Z	true	0
v2026.09.20	2026-09-20T19:51:20Z	true	0
v2026.09.19	2026-09-20T17:18:46Z	true	1
v2026.09.18	2026-09-20T15:37:42Z	true	0
v2026.09.16	2026-09-15T17:58:46Z	true	3
v2026.09.15	2026-09-13T16:55:56Z	true	1
v2026.09.14	2026-09-11T08:31:29Z	true	1
v2026.09.13	2026-09-09T07:14:49Z	false	25
v2026.09.12	2026-09-08T20:37:22Z	false	6
v2026.09.10	2026-09-07T18:30:09Z	false	9
v2026.09.11	2026-09-07T19:45:52Z	true	0
v2026.09.06	2026-09-05T07:37:46Z	false	-
v2026.09.09	2026-09-05T16:54:08Z	true	1
v2026.09.08	2026-09-05T13:10:20Z	true	2
v2026.09.05	2026-09-04T13:15:56Z	false	-
v2026.09.03	2026-09-04T08:01:05Z	false	-
v2026.09.04	2026-09-04T08:08:32Z	true	-
v2026.09.01	2026-09-02T18:33:52Z	false	-
v2026.09.02	2026-09-02T18:44:42Z	true	-
v2026.08.18	2026-08-23T09:39:04Z	false	-
v2026.08.17	2026-08-22T14:47:06Z	false	-
v2026.08.15	2026-08-20T10:15:13Z	false	-
v2026.08.16	2026-08-20T18:59:16Z	true	-
v2026.08.14	2026-08-19T13:52:37Z	false	-
v2026.08.13	2026-08-18T10:59:15Z	false	-
v2026.08.12	2026-08-17T07:49:19Z	true	-
v2026.08.11	2026-08-17T07:13:06Z	true	-
v2026.08.10	2026-08-12T13:08:52Z	false	-
v2026.08.09	2026-08-12T12:19:44Z	false	-
v2026.08.08	2026-08-12T09:41:47Z	false	-
v2026.08.07	2026-08-12T08:44:22Z	false	-
v2026.08.06	2026-08-08T07:17:30Z	true	-
v2026.08.05	2026-08-05T07:52:57Z	false	-
v2026.08.04	2026-08-03T18:39:58Z	true	-
v2026.08.03	2026-08-03T17:17:35Z	true	-
v2026.08.02	2026-08-03T10:09:44Z	true	-
v2026.08.01	2026-08-03T06:28:17Z	true	-
v2026.07.11	2026-07-31T12:55:44Z	false	-
v2026.07.10	2026-07-31T08:53:03Z	false	-
v2026.07.09	2026-07-16T08:56:50Z	false	-
v2026.07.08	2026-07-15T09:02:53Z	false	-
v2026.07.07	2026-07-14T15:16:45Z	false	-
v2026.07.06	2026-07-14T12:34:20Z	false	-
v2026.07.05	2026-07-13T16:14:46Z	false	-
v2026.07.04	2026-07-09T06:30:28Z	false	-
v2026.07.03	2026-07-05T13:36:15Z	false	-
v2026.07.02	2026-07-04T17:20:58Z	false	-
v2026.07.01	2026-07-02T14:03:56Z	false	-
v2026.06.45	2026-06-28T15:21:15Z	false	-
v2026.06.44	2026-06-26T08:28:27Z	false	-
v2026.06.43	2026-06-26T06:58:04Z	false	-
v2026.06.42	2026-06-25T18:04:06Z	false	-
v2026.06.41	2026-06-25T09:09:36Z	false	-
v2026.06.40	2026-06-24T10:35:27Z	false	-
v2026.06.39	2026-06-23T16:26:42Z	false	-
v2026.06.38	2026-06-21T18:09:09Z	false	-
v2026.06.37	2026-06-21T13:54:02Z	false	-
v2026.06.36	2026-06-21T10:09:41Z	false	-
v2026.06.35	2026-06-21T07:36:14Z	false	-
v2026.06.34	2026-06-20T16:45:53Z	false	-
v2026.06.33	2026-06-20T07:08:25Z	false	-
v2026.06.32	2026-06-16T18:13:37Z	false	-
v2026.06.31	2026-06-15T18:41:04Z	false	-
v2026.06.30	2026-06-14T06:40:35Z	false	-
v2026.06.29	2026-06-13T22:32:11Z	false	-
v2026.06.28	2026-06-13T15:47:25Z	false	-
v2026.06.27	2026-06-13T10:24:10Z	false	-
v2026.06.26	2026-06-12T20:02:59Z	false	-
v2026.06.25	2026-06-12T19:23:49Z	false	-
v2026.06.24	2026-06-12T11:22:13Z	false	-
v2026.06.23	2026-06-12T06:31:16Z	false	-
v2026.06.22	2026-06-11T19:52:53Z	false	-
v2026.06.21	2026-06-09T18:54:57Z	false	-
v2026.06.20	2026-06-09T17:34:20Z	false	-
v2026.06.19	2026-06-09T16:30:15Z	false	-
v2026.06.18	2026-06-09T14:54:14Z	false	-
v2026.06.17	2026-06-09T11:29:34Z	false	-
v2026.06.16	2026-06-09T07:30:37Z	false	-
v2026.06.15	2026-06-09T06:57:48Z	false	-
v2026.06.14	2026-06-07T22:01:56Z	false	-
v2026.06.13	2026-06-07T20:04:00Z	false	-
v2026.06.12	2026-06-07T16:37:44Z	false	-
v2026.06.11	2026-06-04T14:37:05Z	false	-
v2026.06.10	2026-06-04T12:01:09Z	false	-
v2026.06.09	2026-06-04T06:53:58Z	false	-
v2026.06.08	2026-06-03T22:21:58Z	false	-
v2026.06.07	2026-06-02T19:05:34Z	false	-
v2026.06.05	2026-06-01T19:21:21Z	false	-
v2026.06.04	2026-06-01T19:16:46Z	false	-
v2026.06.03	2026-06-01T19:10:27Z	false	-
v2026.06.02	2026-06-01T19:01:46Z	false	-
v2026.06.01	2026-06-01T18:49:58Z	false	-
v2026.05.23	2026-05-31T20:59:11Z	false	-
v2026.05.22	2026-05-31T20:45:07Z	false	-
v2026.05.21	2026-05-31T20:13:38Z	false	-
v2026.05.20	2026-05-31T20:02:13Z	false	-
v2026.05.19	2026-05-31T19:02:17Z	false	-
v2026.05.17	2026-05-31T18:45:08Z	false	-
v2026.05.15	2026-05-31T17:51:27Z	false	-
v2026.05.14	2026-05-31T17:11:52Z	false	-
v2026.05.13	2026-05-31T16:53:54Z	false	-
v2026.05.12	2026-05-31T15:40:59Z	false	-
v2026.05.11	2026-05-31T12:10:07Z	false	-
v2026.05.10	2026-05-31T11:02:52Z	false	-
v2026.05.09	2026-05-31T10:43:56Z	false	-
v2026.05.08	2026-05-31T10:14:05Z	false	-
v2026.05.07	2026-05-31T09:54:49Z	false	-
v2026.05.06	2026-05-31T09:18:07Z	false	-
v2026.05.05	2026-05-30T23:24:26Z	false	-
v2026.05.04	2026-05-30T22:49:00Z	false	-
v2026.05.03	2026-05-30T22:06:51Z	false	-
v2026.05.02	2026-05-30T21:37:12Z	false	-
v2026.05.01	2026-05-30T17:15:10Z	false	-
v2026.05.00	2026-05-30T16:10:36Z	false	-
